epoch,train_loss,map50_95,map50,lr,seconds
1,2.1014063876408797,0.6105131330954373,0.8865126572738274,0.005,51.40216040611267
2,1.3277810740929383,0.6378874965782817,0.8773245180161025,0.005,35.42090344429016
3,1.1809614264048063,0.6419202973804953,0.9026056650954061,0.005,35.578471660614014
4,1.065527377678798,0.6546433105124004,0.9014108161151936,0.005,35.504594564437866
5,0.9988386124372483,0.63970541299403,0.9082651451897655,0.005,34.61934518814087
6,0.9227453380823135,0.6711584737443447,0.9082496370857857,0.005,35.7540340423584
7,0.8576525465800212,0.6503525721887361,0.8965406311581636,0.005,36.36358165740967
8,0.8276363489719537,0.6328681788797164,0.893861168089542,0.005,36.528024435043335
9,0.7797124599034969,0.6364546622166227,0.8955159056730359,0.005,36.76704502105713
10,0.7427971815833678,0.6446964662215675,0.8960907079912478,0.005,35.818522691726685
11,0.7094594424733749,0.6454577709613788,0.9079108792735656,0.005,35.823002099990845
12,0.6679437589186888,0.6414783849252406,0.8978684193572958,0.005,34.421361446380615
13,0.6425974589127761,0.6414955026267197,0.9031008814277359,0.005,35.71154475212097
14,0.6146684930874751,0.6520804489928423,0.8989633734747283,0.005,36.2276611328125
15,0.5839967634815436,0.6424160091958468,0.8973768160019386,0.005,35.839250802993774
16,0.5575217770842406,0.627360119529707,0.891931985652998,0.005,35.81635618209839
17,0.5460903904758967,0.6560601794142779,0.9000031264079906,0.005,35.48906493186951
18,0.5268333148497801,0.6522314715261758,0.9143469326016381,0.005,35.49980640411377
19,0.5113307516162212,0.6464472615111636,0.9084099859741855,0.005,34.668373346328735
20,0.4895978767138261,0.6418415535474127,0.9032239624359043,0.005,35.860246419906616
21,0.4869119757643113,0.6487271428407592,0.8980214907743894,0.005,35.75209951400757
22,0.45140798229437606,0.638106671637339,0.9122955626596957,0.005,35.859519720077515
23,0.4393874399937116,0.6466862311231228,0.8952557203430997,0.005,35.99863314628601
24,0.429967789294628,0.6489892256748812,0.896577214247016,0.005,36.15125894546509
25,0.4187622527090403,0.6548326499603497,0.9012967582902847,0.005,35.84385824203491
26,0.40509522253504165,0.6472737923483242,0.8934573226814616,0.005,34.3790020942688
27,0.38525940489310484,0.6648849557863193,0.893915804832294,0.005,35.62637233734131
28,0.38279369943417035,0.6408142179005404,0.8975153668521881,0.005,35.78132367134094
29,0.38002498705799764,0.6527114612286465,0.8992206936358923,0.005,35.570385456085205
30,0.3680118095989411,0.622973129690896,0.8756783110650217,0.005,35.79000449180603
31,0.36904374435544013,0.6526142909625866,0.8932249879856659,0.005,35.741236209869385
32,0.36726592601491853,0.6548681571380851,0.9021276543233733,0.005,36.103760957717896
33,0.35786906813199704,0.6596869391743545,0.9012693146879605,0.005,34.449931144714355
34,0.33949762319143,0.64068033092463,0.9104601839493173,0.005,35.895389556884766
35,0.32411679545274147,0.6385108715310419,0.884731719104326,0.005,36.1199893951416
36,0.3251765301021246,0.6478183193505561,0.8964204327295733,0.005,38.73086094856262
37,0.3268605938897683,0.6491205735418156,0.8951169374653652,0.005,42.413487911224365
38,0.315387521053736,0.653296115306338,0.8859595609304622,0.005,41.26176643371582
39,0.3120031663431571,0.6559140541487007,0.8899640976135424,0.005,41.57607555389404
40,0.316209113655182,0.650004507244116,0.9014181777369255,0.005,41.79715037345886
41,0.30410244631079525,0.6476075493385371,0.8765366026772073,0.005,39.6526517868042
42,0.2928549211185712,0.6382627506157813,0.8932472194049322,0.005,40.76114320755005
43,0.28081236745302496,0.6441132328636113,0.8879196006445463,0.005,40.501549243927
44,0.2897605439218191,0.654612971036253,0.8934474158733796,0.005,39.48855423927307
45,0.3007315937143106,0.6496714559292666,0.8857434839068054,0.005,40.91350555419922
46,0.27408141585496754,0.6450962563309537,0.900127012515381,0.005,40.83660268783569
47,0.27564373188293895,0.6450135246580231,0.8860300755414857,0.005,39.41229820251465
48,0.2993458914642151,0.6229851529080764,0.8781448226800049,0.005,40.81094765663147
49,0.29071008511460744,0.6644022171804673,0.897172650615778,0.005,40.441956520080566
50,0.2762480543783078,0.6404504708492812,0.8891171438937691,0.005,40.7640597820282
51,0.2715925256220194,0.6360174357474744,0.8928486807042346,0.005,39.283748388290405
52,0.29726857107419236,0.654300272598862,0.8990330196358808,0.005,40.84204173088074
53,0.29680208942064873,0.6147143524342654,0.8807073784383567,0.005,40.57978677749634
54,0.2790849483070465,0.6426561528425982,0.8957736042333939,0.005,39.50824308395386
55,0.2867585797149401,0.6255683082926404,0.882439925621245,0.005,41.261186838150024
56,0.2689445438866432,0.6448453430951389,0.8947328306169229,0.005,40.93052864074707
57,0.2619527293512454,0.6327419954190533,0.8781411541557935,0.005,39.34109163284302
58,0.2858782873130762,0.6402389196982209,0.9071960900830224,0.005,40.739323139190674
59,0.2935870909346984,0.6539324036634326,0.9033537711471433,0.005,40.84263801574707
60,0.2669426415402156,0.632548397476549,0.9061805335244025,0.005,41.38917136192322
61,0.1988469696388795,0.6680440454244688,0.9097002767373445,0.0005,42.96201014518738
62,0.16047913985183607,0.6674122050553809,0.9058267338500939,0.0005,40.80838227272034
63,0.14814848312391685,0.6687584920476766,0.9077632414704002,0.0005,40.220824003219604
64,0.13876385642932013,0.6692999419807327,0.9093142988682601,0.0005,38.94814467430115
65,0.13430916406214238,0.671328461466115,0.9093031396898249,0.0005,40.359559297561646
66,0.1285639983243667,0.6711035811275727,0.9121655930888518,0.0005,40.59940791130066
67,0.12646759966245064,0.6706267644994406,0.9088459256538839,0.0005,38.839643716812134
68,0.12218204209437737,0.6632867049493575,0.9032852295155575,0.0005,40.47531008720398
69,0.11845590730126088,0.6661880399737289,0.9000182103569333,0.0005,40.583824157714844
70,0.11630683865111607,0.6623870538622223,0.9004435101728298,0.0005,39.145716428756714
71,0.11403013227077631,0.6706865354585109,0.9097347580045705,0.0005,39.921215534210205
72,0.11242773744922419,0.6647611840297311,0.9005146793421642,0.0005,40.56339764595032
73,0.1129191535883225,0.6738730163261822,0.9091288705266916,0.0005,40.33284568786621
74,0.10863311150326178,0.6749569133285805,0.906308867306677,0.0005,38.577059507369995
75,0.10872567383429178,0.6715781465215884,0.9094577813751181,0.0005,40.52685856819153
76,0.1076210824915996,0.6656921039720115,0.9003504072757762,0.0005,40.55662798881531
77,0.10461180937977937,0.6669186614463833,0.9001533130000059,0.0005,39.10352659225464
78,0.10493681744600718,0.6746620799724303,0.9066305616624926,0.0005,40.79860258102417
79,0.10226524222928744,0.6687140324784987,0.9014044100960675,0.0005,41.27253770828247
80,0.10231496602869951,0.6656352540165914,0.9002613314320667,0.0005,40.79645895957947
81,0.1000439352570818,0.6670294583873624,0.8955189944192732,5e-05,39.64048147201538
82,0.09997510007367684,0.6631988925401192,0.8964054716414988,5e-05,40.88995003700256
83,0.10022736097184512,0.6628941871426917,0.8963200271556835,5e-05,40.93998169898987
84,0.09917975228566389,0.6657458483698222,0.8963450296559335,5e-05,40.1511652469635
85,0.09932510362794766,0.6628655377623026,0.896323784818148,5e-05,41.21928119659424
86,0.09890176116560515,0.6617853154997506,0.896281268320667,5e-05,41.02058792114258
87,0.09944957678134625,0.6633090611504386,0.9001938368678599,5e-05,39.81621837615967
88,0.09948357495550926,0.665957243718207,0.8955527200073594,5e-05,41.02363467216492
89,0.09900022948590609,0.66379206291944,0.8972185474032663,5e-05,41.435760498046875
90,0.09803197666142996,0.6618733822235943,0.8971878067543357,5e-05,39.80096769332886
91,0.09962116594497974,0.6644826547311087,0.8954288028423336,5e-05,40.971055030822754
92,0.09940915153576778,0.6648942507628014,0.8954673366660001,5e-05,41.20027542114258
93,0.09923533569448269,0.6616758205327476,0.9003454159286725,5e-05,41.43174767494202
94,0.09914989478599567,0.6622654857221452,0.8963253082807935,5e-05,40.79147410392761
95,0.09832322971465496,0.6667706356212998,0.8984704837385338,5e-05,40.98293924331665
96,0.09736967678540027,0.6699569210637921,0.9061928522202445,5e-05,40.973018169403076
97,0.09877595965965436,0.6630556010578558,0.8972460478725652,5e-05,39.47755765914917
98,0.0986529316753149,0.665340902597582,0.8972274395499451,5e-05,41.113521099090576
99,0.09786660526520931,0.6643004494944716,0.8955142943920283,5e-05,41.156219482421875
100,0.0979151988402009,0.6666672528483099,0.8962613983240191,5e-05,39.52664351463318
